{"Test accuracy": 0.7290748953819275, "_timestamp": 1702716190.8567975, "_runtime": 16.483018398284912, "_step": 0, "_wandb": {"runtime": 15}}