{"Test accuracy": 0.7213656306266785, "_timestamp": 1702715654.1323445, "_runtime": 19.55316948890686, "_step": 0, "_wandb": {"runtime": 18}}