{"Test_accuracy": 0.8039647340774536, "_timestamp": 1702720691.4194841, "_runtime": 54.60209822654724, "_step": 0, "_wandb": {"runtime": 53}}