{"Test accuracy": 0.7378854751586914, "_timestamp": 1702715591.2342572, "_runtime": 14.550354242324829, "_step": 0, "_wandb": {"runtime": 13}}