{"Test accuracy": 0.7257709503173828, "_timestamp": 1702715784.7456238, "_runtime": 15.007964849472046, "_step": 0, "_wandb": {"runtime": 13}}