{"Test_accuracy": 0.7191630005836487, "_timestamp": 1702717416.7052312, "_runtime": 13.589314222335815, "_step": 0, "_wandb": {"runtime": 12}}