{"Test_accuracy": 0.7323788404464722, "_timestamp": 1702717539.524226, "_runtime": 14.168164014816284, "_step": 0, "_wandb": {"runtime": 13}}