{"Test accuracy": 0.742290735244751, "_timestamp": 1702715811.6609035, "_runtime": 16.227904558181763, "_step": 0, "_wandb": {"runtime": 14}}