{"Test_accuracy": 0.7213656306266785, "_timestamp": 1702717383.6927705, "_runtime": 15.13711142539978, "_step": 0, "_wandb": {"runtime": 13}}