{"Test accuracy": 0.7268722653388977, "_timestamp": 1702715925.3095794, "_runtime": 14.897494316101074, "_step": 0, "_wandb": {"runtime": 13}}