{"Test accuracy": 0.708149790763855, "_timestamp": 1702716079.0359848, "_runtime": 13.801462650299072, "_step": 0, "_wandb": {"runtime": 12}}