{"Test_accuracy": 0.7180616855621338, "_timestamp": 1702717443.804519, "_runtime": 15.293328046798706, "_step": 0, "_wandb": {"runtime": 14}}