{"Test_accuracy": 0.7136563658714294, "_timestamp": 1702717740.7897549, "_runtime": 15.126073837280273, "_step": 0, "_wandb": {"runtime": 13}}