{"Test accuracy": 0.7125550508499146, "_timestamp": 1702716053.990605, "_runtime": 14.432085037231445, "_step": 0, "_wandb": {"runtime": 13}}