{"Test_accuracy": 0.7885462641716003, "_timestamp": 1702718069.190701, "_runtime": 57.94235301017761, "_step": 0, "_wandb": {"runtime": 56}}