{"Test accuracy": 0.7356828451156616, "_timestamp": 1702716165.8986237, "_runtime": 16.96824073791504, "_step": 0, "_wandb": {"runtime": 15}}