{"Test_accuracy": 0.734581470489502, "_timestamp": 1702717602.6066132, "_runtime": 15.286749124526978, "_step": 0, "_wandb": {"runtime": 13}}