{"Test accuracy": 0.7191630005836487, "_timestamp": 1702715623.947564, "_runtime": 20.91455388069153, "_step": 0, "_wandb": {"runtime": 19}}