{"Test_accuracy": 0.715859055519104, "_timestamp": 1702717630.481458, "_runtime": 16.523277044296265, "_step": 0, "_wandb": {"runtime": 15}}