{"Test_accuracy": 0.808370053768158, "_timestamp": 1702718150.0578606, "_runtime": 70.99417066574097, "_step": 0, "_wandb": {"runtime": 69}}