{"Test accuracy": 0.734581470489502, "_timestamp": 1702715951.1766963, "_runtime": 15.215651273727417, "_step": 0, "_wandb": {"runtime": 14}}