{"Test accuracy": 0.715859055519104, "_timestamp": 1702715902.3138463, "_runtime": 13.388617277145386, "_step": 0, "_wandb": {"runtime": 12}}