{"Test_accuracy": 0.799559473991394, "_timestamp": 1702721316.0404208, "_runtime": 69.98571181297302, "_step": 0, "_wandb": {"runtime": 68}}