{"Test_accuracy": 0.7279735803604126, "_timestamp": 1702717477.0725615, "_runtime": 13.943102598190308, "_step": 0, "_wandb": {"runtime": 12}}