{"Test_accuracy": 0.7973568439483643, "_timestamp": 1702723013.1029747, "_runtime": 164.45339465141296, "_step": 0, "_wandb": {"runtime": 163}}