{"Test_accuracy": 0.8127753138542175, "_timestamp": 1702721395.6598296, "_runtime": 71.1838846206665, "_step": 0, "_wandb": {"runtime": 70}}