{"Test accuracy": 0.7389867901802063, "_timestamp": 1702716139.853041, "_runtime": 22.51654887199402, "_step": 0, "_wandb": {"runtime": 21}}