{"Test_accuracy": 0.7874449491500854, "_timestamp": 1702717915.323527, "_runtime": 56.97192716598511, "_step": 0, "_wandb": {"runtime": 55}}