{"Test_accuracy": 0.8204845786094666, "_timestamp": 1702722711.1073916, "_runtime": 140.65392065048218, "_step": 0, "_wandb": {"runtime": 139}}