{"Test accuracy": 0.7389867901802063, "_timestamp": 1702715977.3569613, "_runtime": 15.807279348373413, "_step": 0, "_wandb": {"runtime": 14}}