{"Test accuracy": 0.7301762104034424, "_timestamp": 1702715725.1943557, "_runtime": 14.123177766799927, "_step": 0, "_wandb": {"runtime": 12}}