{"Test_accuracy": 0.7389867901802063, "_timestamp": 1702717769.122152, "_runtime": 16.922645092010498, "_step": 0, "_wandb": {"runtime": 15}}