{"Test_accuracy": 0.5176211595535278, "_timestamp": 1702722036.4726667, "_runtime": 46.37608575820923, "_step": 0, "_wandb": {"runtime": 45}}