{"Test_accuracy": 0.5176211595535278, "_timestamp": 1702721978.8003805, "_runtime": 30.99289035797119, "_step": 0, "_wandb": {"runtime": 29}}