{"Test accuracy": 0.7125550508499146, "_timestamp": 1702715877.3671246, "_runtime": 30.014301538467407, "_step": 0, "_wandb": {"runtime": 28}}