{"Test accuracy": 0.7312775254249573, "_timestamp": 1702716031.2312794, "_runtime": 17.249184370040894, "_step": 0, "_wandb": {"runtime": 15}}