{"Test accuracy": 0.7334801554679871, "_timestamp": 1702715684.663441, "_runtime": 19.4803249835968, "_step": 0, "_wandb": {"runtime": 18}}