{"Test accuracy": 0.7169603705406189, "_timestamp": 1702715760.3448343, "_runtime": 23.044211387634277, "_step": 0, "_wandb": {"runtime": 21}}