{"Test_accuracy": 0.7301762104034424, "_timestamp": 1702717568.4492574, "_runtime": 16.468834400177002, "_step": 0, "_wandb": {"runtime": 15}}