{"Test accuracy": 0.7378854751586914, "_timestamp": 1702716004.9456506, "_runtime": 16.55046057701111, "_step": 0, "_wandb": {"runtime": 15}}