{"Test accuracy": 0.7257709503173828, "_timestamp": 1702715838.5500958, "_runtime": 17.211728811264038, "_step": 0, "_wandb": {"runtime": 15}}