{"Test_accuracy": 0.8039647340774536, "_timestamp": 1702717993.4076118, "_runtime": 68.30386996269226, "_step": 0, "_wandb": {"runtime": 66}}