{"Test accuracy": 0.7202643156051636, "_timestamp": 1702716107.4015796, "_runtime": 20.42874264717102, "_step": 0, "_wandb": {"runtime": 18}}