{"Test_accuracy": 0.7246695756912231, "_timestamp": 1702717505.6248045, "_runtime": 16.94323754310608, "_step": 0, "_wandb": {"runtime": 15}}