{"Test_accuracy": 0.6277533173561096, "_timestamp": 1702722096.9256408, "_runtime": 49.67617678642273, "_step": 0, "_wandb": {"runtime": 48}}