{"Test_accuracy": 0.7268722653388977, "_timestamp": 1702717356.358066, "_runtime": 14.040390014648438, "_step": 0, "_wandb": {"runtime": 12}}