{"Test_accuracy": 0.8061674237251282, "_timestamp": 1702717850.5366814, "_runtime": 62.64492750167847, "_step": 0, "_wandb": {"runtime": 61}}